<?xml version="1.0" encoding="UTF-8"?>
<project-private xmlns="http://www.netbeans.org/ns/project-private/1">
    <editor-bookmarks xmlns="http://www.netbeans.org/ns/editor-bookmarks/2" lastBookmarkId="0"/>
    <open-files xmlns="http://www.netbeans.org/ns/projectui-open-files/2">
        <group>
            <file>file:/C:/Users/Ricardo/Desktop/Varsity/Programming/Submissions/ST10448906%20-%20Copy/src/assignmaenttry2/AssignmaentTry2.java</file>
            <file>file:/C:/Users/Ricardo/Desktop/Varsity/Programming/Submissions/ST10448906%20-%20Copy/src/assignmaenttry2/login2.java</file>
            <file>file:/C:/Users/Ricardo/Desktop/Varsity/Programming/Submissions/ST10448906%20-%20Copy/src/assignmaenttry2/Task.java</file>
            <file>file:/C:/Users/Ricardo/Desktop/Varsity/Programming/Submissions/ST10448906%20-%20Copy/test/assignmaenttry2/AssignmaentTry2Test.java</file>
        </group>
    </open-files>
</project-private>
